AccountId,Address1Type,Address2Street1,Address2Street2,Address2Type,Address3Street1,Address3Street2,Address3Type,Anniversary,AssistantName,AssistantPhone,BillingInformation,Birthday,City,City2,City3,Company,CompanyID,ContactNotes,ContactType,Country,Country2,Country3,CreatedBy,DateCreated,Email,EmailAddress2,EmailAddress3,Fax1,Fax1Type,Fax2,Fax2Type,FirstName,Groups,Id,JobTitle,LastName,LastUpdated,LastUpdatedBy,LeadSourceId,Leadsource,MiddleName,Nickname,OwnerID,Password,Phone1,Phone1Ext,Phone1Type,Phone2,Phone2Ext,Phone2Type,Phone3,Phone3Ext,Phone3Type,Phone4,Phone4Ext,Phone4Type,Phone5,Phone5Ext,Phone5Type,PostalCode,PostalCode2,PostalCode3,ReferralCode,SpouseName,State,State2,State3,StreetAddress1,StreetAddress2,Suffix,Title,Username,Validated,Website,ZipFour1,ZipFour2,ZipFour3,_Somethingdropdown,_110Scale,_TheDrilldown,_ContactUsComments,_NPSComments,_AppointmentDate,_dateandtime,_CUSTOMFIELD,_CUSTOMFIELD2014,_Listboxtest,_aField,_ABClistbox,_textarea,_testestest,_RealColor,_ChatPhone,_aField0,_Initials,_aField1,_WebsiteField,_aField3,_FrequencyofConfigSetup,_SubjectofConfigSetup,_JewelryType,_CurrentDate0,_StreetAddress,_Processchange,_YOLOPSatisfaction,_YOLOPComments,_YOLOPChange1,_YOLOPChange2,_YOLOPChange3,_YOLOPCommonUses,_YOLOPCommonUsesTextArea,_Friend1Name,_Friend1Email,_HTMLContent,_AppointmentCoreContactID,_GoodLookingCustomField,_FKID,_TestCurrency,_TestPercent,_TestSSN,_TestPhoneNumber,_TestState,_TestYesNo,_TestYear,_TestMonth,_TestDayofWeek,_TestName,_TestDate,_DateTime,_TestWebsite,_TestEmail,_TestRadio,_TestDropdown,_TestUser,_TestDrilldown,_DECIMALNUMBER,_WHOLENUMBER,_TestDecimal,_TestListBox,_TestListBox2,_TimeZone0,_SourceAppContactID,_SourceAppCompanyID,_ExampleDropdown
52,"",123 place,"","",Something,Something,"",2014-01-31 00:00:00 UTC,Joe,(987) 654-3210,"",2014-12-10 00:00:00 UTC,City,city,place,The Josh Fullmer Family,52,"
Notes is notes is notes.
Notes is notes is notes.
Notes is notes is notes.
Notes is notes is notes.
Notes is notes is notes.
Notes is notes is notes.
Notes is notes is notes.
Notes is notes is notes.
Notes is notes is notes.
null
null
null
null",Customer,United States,United States,United States,1,2013-09-26 12:37:08 UTC,Josh.fullmer@infusionsoft.com,"","",(987) 654-3210,Work,"",Work,Joshua,"92,102,110,112,132,138,140,142,144,146,150,152,154,158,172,174,176,180,184,198,200,208,218,220,234,236,238,240,242,246,248,262,264,268,276,277,279,281,283,290,294,304,306,312,316,318,322,324,328",4,Person of Interest,Test,2017-09-29 17:57:45 UTC,1,28,Email,"",The Professor,1,password,(123) 456-7890,123,Work,(123) 456-7890,"",Work,"","",Work,"","",Work,(123) 456-7890,"",Work,T1R 0W3,88888,12345,something,Jill,AZ,AZ,state,123 place,"",PhD,Principal,joshtest,-1,www.google.com,0W3,"",6789,null,10,16,null,null,2014-03-12 00:00:00 UTC,"",something,ST1 3GE,"something,other things",aa,"A,B,C","","",Green,"",1,"",A,https://docs.google.com/spreadsheets/d/1fCd9s-8cI80djfh67qAmmeO46GYlP3S59m14KHhs9Fk/edit?usp=sharing,"","","","","","","","","","","","","","","","","&lt;table border=&quot;1&quot; style=&quot;width:100%&quot;&gt;
  &lt;tr&gt;
    &lt;td&gt;Jill&lt;/td&gt;
    &lt;td&gt;Smith&lt;/td&gt;		
    &lt;td&gt;50&lt;/td&gt;
  &lt;/tr&gt;
  &lt;tr&gt;
    &lt;td&gt;Eve&lt;/td&gt;
    &lt;td&gt;Jackson&lt;/td&gt;		
    &lt;td&gt;94&lt;/td&gt;
  &lt;/tr&gt;
  &lt;tr&gt;
    &lt;td&gt;John&lt;/td&gt;
    &lt;td&gt;Doe&lt;/td&gt;		
    &lt;td&gt;80&lt;/td&gt;
  &lt;/tr&gt;
&lt;/table&gt;","",Stuff and things,"",0.0,0.0,"","","",0,0,0,0,"","","","","","","",0,32,0.0,0,0,0.0,"",Phoenix,"","",""
0,"","","","","","","","","","","","","","","","",0,"","","","","",1,2013-09-30 18:38:34 UTC,erin.hinson@infusionsoft.com,"","","","","","",Erin,"102,180",12,"",Hinson,2014-04-04 01:01:03 UTC,1,0,"","","",0,"","","","","","","","","","","","","","","","","","","","","","","","","","","","","",-1,"","","","","","","","","","","","","","","","","","","","","","","","","","","","","","","","","","","","","","","","","","","","","","","","","","","","","","","","","","","","","","","","","","","","","","",""
